order_id,order_date,amount,product_id
3001,2023-10-17,3911.92,P1067
3002,2024-08-12,1114.47,P1014
3003,2024-09-03,3075.97,P1023
3004,2023-04-16,3064.16,P1023
3005,2024-07-22,1597.24,P1042
3006,2022-05-23,1250.62,P1094
3007,2024-09-01,4505.68,P1072
3008,2023-07-18,65.59,P1014
3009,2022-06-13,1572.88,P1051
3010,2024-04-23,1772.9,P1075
3011,2022-03-17,1636.73,P1057
3012,2023-01-25,4743.71,P1071
3013,2024-03-12,1387.42,P1092
3014,2022-10-27,2410.71,P1010
3015,2023-10-18,2057.31,P1074
3016,2024-02-08,935.99,P1082
3017,2022-05-06,172.61,P1008
3018,2022-08-01,870.52,P1008
3019,2024-06-13,899.91,P1026
3020,2024-11-09,4443.93,P1088
3021,2023-12-14,1111.29,P1072
3022,2022-05-08,657.52,P1043
3023,2022-09-06,474.15,P1046
3024,2024-10-12,2386.22,P1065
3025,2024-10-10,1084.08,P1018
3026,2022-01-14,1105.46,P1005
3027,2022-12-04,4122.12,P1019
3028,2022-06-23,3674.76,P1007
3029,2022-12-16,1624.49,P1001
3030,2023-03-04,2962.28,P1066
3031,2022-07-04,268.36,P1067
3032,2024-08-14,4679.32,P1080
3033,2022-04-13,2481.26,P1023
3034,2024-11-17,2738.46,P1010
3035,2023-03-06,2380.49,P1027
3036,2024-06-10,3132.81,P1088
3037,2023-03-17,439.3,P1081
3038,2023-06-14,2370.1,P1087
3039,2023-05-23,702.5,P1048
3040,2023-07-24,2810.88,P1085
3041,2023-01-21,1326.13,P1066
3042,2022-10-21,3631.97,P1058
3043,2024-12-08,2379.86,P1087
3044,2024-03-04,1149.94,P1053
3045,2024-07-03,1090.05,P1051
3046,2022-04-08,778.3,P1050
3047,2023-08-02,2581.23,P1062
3048,2024-08-18,1989.78,P1043
3049,2024-01-13,1033.55,P1100
3050,2024-01-11,404.15,P1057
3051,2024-12-09,1074.66,P1040
3052,2022-03-29,1466.42,P1081
3053,2023-08-05,941.8,P1003
3054,2024-07-14,1815.28,P1069
3055,2024-08-22,3388.53,P1063
3056,2022-01-22,1906.97,P1023
3057,2022-12-16,2153.7,P1016
3058,2023-03-10,3466.58,P1096
3059,2023-04-04,2794.7,P1060
3060,2024-09-15,334.22,P1056
3061,2023-07-29,3118.41,P1005
3062,2024-10-08,4508.14,P1011
3063,2023-09-09,3996.0,P1016
3064,2024-01-24,757.47,P1081
3065,2024-08-15,4691.87,P1089
3066,2022-10-23,1504.49,P1028
3067,2024-06-09,4883.38,P1007
3068,2023-02-07,1443.36,P1066
3069,2022-05-10,705.04,P1059
3070,2022-12-02,3519.43,P1081
3071,2022-11-26,2256.15,P1029
3072,2023-02-09,3233.11,P1097
3073,2024-05-31,2929.47,P1060
3074,2024-04-14,1112.77,P1011
3075,2024-03-31,2733.17,P1079
3076,2024-05-23,1798.77,P1002
3077,2024-09-27,1708.96,P1045
3078,2024-04-11,1005.2,P1065
3079,2024-08-18,4904.36,P1058
3080,2022-10-31,869.6,P1067
3081,2024-07-08,2679.45,P1036
3082,2022-01-20,155.79,P1037
3083,2024-08-08,2471.88,P1099
3084,2022-04-10,4301.79,P1071
3085,2023-05-22,1822.74,P1046
3086,2024-10-07,4958.26,P1087
3087,2022-09-10,4534.29,P1009
3088,2022-07-16,2410.43,P1054
3089,2023-11-11,4593.71,P1016
3090,2023-07-02,3761.5,P1093
3091,2023-02-02,3794.28,P1004
3092,2023-11-01,3265.39,P1092
3093,2023-03-16,1572.24,P1072
3094,2023-07-31,4869.73,P1028
3095,2023-12-18,1680.6,P1058
3096,2022-08-20,781.92,P1043
3097,2023-12-30,3755.38,P1075
3098,2024-08-07,24.45,P1089
3099,2022-08-05,4046.77,P1086
3100,2023-02-28,1017.88,P1010
3101,2022-04-03,2392.56,P1003
3102,2023-01-21,3824.11,P1021
3103,2024-12-29,4442.15,P1019
3104,2023-01-27,3041.72,P1089
3105,2022-05-11,4431.28,P1061
3106,2023-10-21,1043.03,P1100
3107,2022-12-02,963.42,P1039
3108,2023-07-01,692.1,P1032
3109,2022-06-19,1497.4,P1073
3110,2024-11-21,633.11,P1013
3111,2022-05-30,4175.75,P1057
3112,2022-09-24,2829.48,P1041
3113,2024-01-27,1794.83,P1027
3114,2022-03-16,2337.2,P1004
3115,2023-06-27,975.21,P1077
3116,2024-10-01,1158.84,P1067
3117,2024-08-22,1782.26,P1028
3118,2024-07-30,520.4,P1092
3119,2023-11-11,3064.25,P1092
3120,2022-08-15,4125.84,P1033
3121,2024-02-12,1269.67,P1089
3122,2024-01-03,3644.63,P1046
3123,2024-10-07,4538.85,P1067
3124,2024-06-02,3988.77,P1075
3125,2022-07-31,1315.55,P1006
3126,2022-04-07,2062.19,P1057
3127,2024-05-05,828.43,P1038
3128,2022-11-05,1730.32,P1067
3129,2024-11-16,4667.38,P1067
3130,2023-08-07,1143.59,P1090
3131,2023-02-25,2263.0,P1083
3132,2024-02-16,2641.39,P1042
3133,2024-04-20,2366.98,P1021
3134,2022-05-16,2713.68,P1002
3135,2023-08-04,1902.28,P1078
3136,2022-08-22,4525.87,P1070
3137,2024-07-31,3248.46,P1048
3138,2023-08-31,3531.68,P1001
3139,2022-05-31,2476.56,P1012
3140,2023-05-13,4982.65,P1075
3141,2023-02-01,3017.57,P1080
3142,2024-09-15,535.93,P1074
3143,2024-12-27,1344.13,P1085
3144,2024-01-29,4944.22,P1048
3145,2023-08-24,1885.39,P1014
3146,2024-05-16,3795.8,P1090
3147,2023-02-08,3313.53,P1030
3148,2022-10-16,512.83,P1081
3149,2023-10-23,4988.0,P1058
3150,2024-10-15,3086.4,P1039
3151,2024-12-18,822.17,P1034
3152,2023-10-04,2392.1,P1092
3153,2023-08-12,378.17,P1011
3154,2023-04-14,3967.92,P1097
3155,2022-05-07,4927.92,P1032
3156,2022-03-07,1102.02,P1074
3157,2022-07-03,4224.18,P1072
3158,2023-12-19,384.58,P1054
3159,2024-04-04,2541.46,P1013
3160,2023-04-04,4880.37,P1015
3161,2022-05-15,3552.01,P1061
3162,2024-10-03,1097.08,P1056
3163,2023-11-11,3142.55,P1042
3164,2024-05-08,3622.47,P1087
3165,2024-05-10,2026.27,P1031
3166,2024-06-29,562.33,P1084
3167,2023-05-23,3500.94,P1058
3168,2024-07-10,3771.65,P1022
3169,2024-08-11,1257.01,P1062
3170,2023-06-17,1398.79,P1058
3171,2024-07-08,128.6,P1057
3172,2024-06-17,4044.97,P1083
3173,2022-01-23,4836.66,P1003
3174,2024-04-03,3972.23,P1089
3175,2024-02-29,3662.94,P1030
3176,2022-07-06,2244.27,P1067
3177,2024-04-29,2585.84,P1067
3178,2022-04-07,1688.51,P1003
3179,2023-12-30,1173.09,P1078
3180,2023-07-08,1217.9,P1016
3181,2022-10-04,1891.64,P1068
3182,2024-02-20,2218.27,P1087
3183,2024-09-14,1614.31,P1037
3184,2024-05-06,4785.62,P1028
3185,2024-02-13,2349.34,P1093
3186,2022-03-25,3225.95,P1076
3187,2023-02-01,1918.62,P1032
3188,2023-09-27,854.11,P1008
3189,2023-11-23,1093.22,P1065
3190,2022-08-14,4799.24,P1057
3191,2023-09-17,4975.17,P1037
3192,2023-07-12,206.41,P1036
3193,2023-11-25,4784.69,P1044
3194,2024-01-19,4149.39,P1050
3195,2024-07-23,3215.56,P1083
3196,2022-04-11,4132.42,P1096
3197,2022-10-02,2991.76,P1082
3198,2023-02-03,1523.49,P1016
3199,2024-09-30,1833.59,P1043
3200,2022-03-01,4617.55,P1064
3201,2022-02-14,2589.55,P1009
3202,2022-07-07,3020.99,P1099
3203,2023-01-27,4816.5,P1024
3204,2023-03-17,569.25,P1001
3205,2024-06-27,3376.61,P1057
3206,2024-12-18,1603.69,P1082
3207,2022-04-01,4840.08,P1014
3208,2023-02-28,2259.97,P1039
3209,2022-05-24,666.91,P1020
3210,2022-06-28,1908.42,P1039
3211,2023-09-14,801.88,P1032
3212,2024-05-02,3241.59,P1008
3213,2023-03-28,4985.16,P1093
3214,2023-02-23,2841.42,P1035
3215,2023-08-20,4185.31,P1074
3216,2022-06-26,4462.38,P1055
3217,2023-08-14,1643.04,P1035
3218,2023-10-26,3476.29,P1007
3219,2023-09-29,417.11,P1038
3220,2024-12-10,3004.97,P1096
3221,2024-11-16,3012.77,P1045
3222,2024-07-18,1252.01,P1069
3223,2022-08-28,4492.99,P1087
3224,2024-12-29,4853.68,P1063
3225,2023-04-08,3399.22,P1029
3226,2024-02-24,2944.9,P1055
3227,2022-05-24,4741.75,P1047
3228,2023-05-17,2048.48,P1072
3229,2024-10-24,3615.2,P1086
3230,2022-02-28,2847.6,P1073
3231,2024-02-08,2527.09,P1082
3232,2024-06-03,25.72,P1049
3233,2023-02-18,147.9,P1071
3234,2024-03-16,3279.93,P1011
3235,2022-04-20,2328.65,P1003
3236,2023-02-19,4177.37,P1048
3237,2023-05-29,2813.52,P1070
3238,2022-02-04,3105.81,P1076
3239,2023-10-19,718.75,P1029
3240,2023-11-11,4483.62,P1029
3241,2023-03-10,1515.6,P1038
3242,2023-07-03,2114.74,P1001
3243,2024-10-22,1782.95,P1031
3244,2023-12-30,3599.83,P1001
3245,2022-10-19,3313.13,P1098
3246,2023-02-24,1637.23,P1066
3247,2023-04-17,4954.39,P1008
3248,2022-10-17,2106.53,P1035
3249,2022-11-19,1421.08,P1023
3250,2023-07-06,1719.71,P1006
3251,2024-11-25,3303.55,P1090
3252,2023-04-20,289.92,P1064
3253,2024-01-30,2116.85,P1003
3254,2022-10-03,4227.17,P1096
3255,2023-07-11,4266.29,P1050
3256,2024-07-26,1595.34,P1083
3257,2022-01-25,3384.44,P1057
3258,2022-03-09,3695.25,P1052
3259,2023-05-22,2079.66,P1048
3260,2023-09-08,585.22,P1029
3261,2023-09-24,761.24,P1005
3262,2022-07-30,1575.03,P1068
3263,2022-08-14,195.47,P1089
3264,2022-06-12,3739.31,P1088
3265,2023-11-17,1480.16,P1068
3266,2024-05-10,2934.3,P1016
3267,2022-10-17,444.07,P1099
3268,2023-05-18,3839.95,P1051
3269,2023-12-11,3950.64,P1061
3270,2022-04-13,1887.84,P1045
3271,2024-10-04,1545.87,P1064
3272,2022-06-18,1689.36,P1027
3273,2024-02-16,2357.91,P1052
3274,2024-12-16,3070.02,P1028
3275,2022-09-30,4807.88,P1017
3276,2022-07-14,3478.3,P1031
3277,2024-05-05,4658.87,P1011
3278,2022-12-03,3003.17,P1071
3279,2024-01-23,4539.1,P1065
3280,2024-08-13,763.53,P1025
3281,2022-02-12,578.88,P1083
3282,2023-08-05,4801.15,P1013
3283,2024-04-07,3690.09,P1076
3284,2023-01-18,4096.75,P1074
3285,2023-12-29,4891.21,P1072
3286,2024-08-26,399.59,P1096
3287,2022-11-05,2663.52,P1039
3288,2024-04-23,1378.59,P1040
3289,2024-01-05,3485.83,P1096
3290,2023-11-20,135.97,P1078
3291,2023-05-28,1819.06,P1020
3292,2023-08-19,1913.98,P1089
3293,2023-05-03,3467.01,P1041
3294,2022-08-13,4908.94,P1006
3295,2022-06-11,3025.11,P1019
3296,2023-02-25,1627.72,P1005
3297,2023-07-09,1682.14,P1014
3298,2023-10-01,254.64,P1072
3299,2024-10-30,3298.63,P1080
3300,2022-06-01,3643.8,P1021
3301,2023-07-07,1370.29,P1074
3302,2022-04-28,4700.64,P1051
3303,2022-02-25,2420.3,P1029
3304,2022-12-02,1179.87,P1034
3305,2024-09-20,907.25,P1096
3306,2024-09-04,4634.1,P1069
3307,2022-02-03,1740.68,P1073
3308,2024-11-12,2025.22,P1037
3309,2022-06-26,836.41,P1048
3310,2022-04-06,4249.3,P1046
3311,2023-05-06,2681.6,P1100
3312,2024-09-19,2175.9,P1077
3313,2024-05-28,2213.9,P1081
3314,2023-03-29,3701.67,P1100
3315,2024-02-11,713.71,P1073
3316,2023-04-10,201.18,P1042
3317,2022-12-10,4518.35,P1086
3318,2023-10-30,2827.15,P1011
3319,2023-10-22,2767.93,P1023
3320,2022-09-02,4334.57,P1044
3321,2024-08-31,1264.96,P1094
3322,2022-11-22,1051.34,P1031
3323,2024-10-03,926.54,P1076
3324,2024-04-21,1472.97,P1033
3325,2023-07-30,275.94,P1028
3326,2024-04-12,1885.93,P1049
3327,2023-03-07,37.74,P1055
3328,2024-01-23,4947.41,P1054
3329,2023-06-05,4199.14,P1022
3330,2024-07-03,4391.84,P1073
3331,2022-03-23,3116.95,P1024
3332,2023-11-19,4157.47,P1044
3333,2024-07-16,1632.31,P1034
3334,2022-02-03,546.3,P1022
3335,2022-02-24,1091.95,P1048
3336,2023-04-29,3758.95,P1035
3337,2024-06-04,4688.74,P1033
3338,2022-06-21,4172.43,P1076
3339,2023-06-21,4026.59,P1046
3340,2023-12-22,1787.93,P1009
3341,2022-08-03,835.31,P1090
3342,2024-12-27,3752.6,P1026
3343,2023-12-31,4135.91,P1050
3344,2022-08-28,2147.11,P1012
3345,2022-01-25,2339.46,P1044
3346,2022-01-26,580.73,P1067
3347,2022-09-17,3319.42,P1090
3348,2023-02-09,1710.98,P1088
3349,2023-09-26,676.21,P1046
3350,2024-11-07,3589.54,P1064
3351,2022-11-01,716.74,P1089
3352,2023-04-27,21.96,P1063
3353,2024-02-08,2412.52,P1090
3354,2023-09-08,3024.29,P1083
3355,2023-02-18,3342.32,P1041
3356,2024-04-21,3043.48,P1018
3357,2022-01-05,4496.66,P1031
3358,2022-11-03,3583.5,P1038
3359,2022-06-17,2735.03,P1059
3360,2022-03-07,1891.1,P1033
3361,2024-04-20,3051.82,P1040
3362,2023-02-24,2873.5,P1079
3363,2024-09-29,2989.92,P1046
3364,2024-06-21,4179.21,P1028
3365,2022-06-12,1959.19,P1030
3366,2023-11-29,1943.39,P1037
3367,2022-07-03,2991.86,P1002
3368,2022-06-14,3097.39,P1002
3369,2022-04-04,1611.8,P1079
3370,2024-04-25,4379.65,P1047
3371,2023-07-04,4034.61,P1086
3372,2024-08-01,2515.73,P1016
3373,2022-09-14,1744.3,P1046
3374,2022-08-27,291.56,P1001
3375,2024-02-08,3886.66,P1026
3376,2022-07-29,1953.32,P1021
3377,2024-10-28,2045.76,P1043
3378,2024-06-01,1440.13,P1072
3379,2023-05-29,2313.91,P1006
3380,2022-09-03,26.92,P1026
3381,2022-05-15,1441.3,P1009
3382,2024-09-07,3276.4,P1005
3383,2022-02-14,2884.91,P1074
3384,2024-10-23,2064.63,P1030
3385,2024-01-15,2787.02,P1024
3386,2022-03-14,707.82,P1089
3387,2022-02-06,1612.52,P1099
3388,2024-04-06,4595.28,P1098
3389,2024-06-19,914.64,P1076
3390,2024-01-21,14.24,P1099
3391,2022-09-04,863.64,P1058
3392,2024-02-13,4530.0,P1023
3393,2024-05-20,3514.52,P1079
3394,2023-03-11,4529.96,P1069
3395,2023-04-12,364.6,P1057
3396,2024-05-22,4828.38,P1036
3397,2024-03-02,3282.77,P1083
3398,2024-04-06,831.71,P1048
3399,2023-02-11,3648.94,P1065
3400,2023-03-29,2970.53,P1095
3401,2022-12-24,608.78,P1008
3402,2024-01-11,3760.64,P1041
3403,2023-09-23,4804.02,P1045
3404,2022-05-20,603.58,P1003
3405,2022-04-22,711.67,P1058
3406,2022-02-25,3719.38,P1069
3407,2023-02-12,2489.32,P1052
3408,2024-07-23,1996.94,P1046
3409,2022-12-12,3427.81,P1031
3410,2024-03-29,4281.39,P1075
3411,2022-04-13,1746.37,P1066
3412,2023-11-24,1513.61,P1031
3413,2024-03-31,3406.86,P1097
3414,2024-03-31,3117.05,P1052
3415,2024-09-15,1451.51,P1027
3416,2022-11-13,4539.19,P1099
3417,2024-10-28,1053.14,P1066
3418,2022-02-09,3291.97,P1029
3419,2023-03-20,1062.36,P1082
3420,2024-03-30,698.52,P1063
3421,2022-11-03,709.07,P1048
3422,2022-05-29,2145.64,P1042
3423,2023-09-06,4903.25,P1039
3424,2023-04-10,754.14,P1082
3425,2023-05-18,2201.9,P1069
3426,2022-04-01,2900.22,P1092
3427,2022-12-10,1655.62,P1071
3428,2022-04-23,1066.28,P1097
3429,2022-10-23,4716.83,P1055
3430,2024-10-20,1395.09,P1037
3431,2022-06-04,2684.16,P1095
3432,2023-07-12,1921.11,P1001
3433,2023-01-03,624.21,P1090
3434,2022-10-25,1002.04,P1078
3435,2022-03-27,4093.49,P1068
3436,2023-04-03,1917.37,P1026
3437,2024-06-28,2756.85,P1059
3438,2023-12-18,3361.97,P1079
3439,2024-09-02,2974.29,P1004
3440,2024-03-03,2694.67,P1070
3441,2023-04-29,397.76,P1067
3442,2023-06-03,4008.48,P1039
3443,2024-10-15,3356.11,P1094
3444,2022-09-22,1858.65,P1020
3445,2023-09-03,146.13,P1048
3446,2023-05-01,1597.13,P1060
3447,2023-10-30,3867.35,P1049
3448,2022-10-13,883.33,P1036
3449,2023-03-14,131.69,P1092
3450,2024-02-09,1935.67,P1052
3451,2022-04-08,2670.54,P1020
3452,2024-01-11,4294.35,P1094
3453,2022-02-23,1501.26,P1100
3454,2023-12-28,1658.61,P1018
3455,2022-01-07,3116.94,P1064
3456,2024-09-12,473.3,P1059
3457,2022-02-19,3337.81,P1089
3458,2024-09-10,4358.4,P1059
3459,2023-03-21,4749.88,P1026
3460,2023-01-05,1309.15,P1099
3461,2024-07-24,1267.27,P1093
3462,2022-01-30,3089.03,P1088
3463,2024-01-20,2976.66,P1052
3464,2023-11-12,2355.63,P1047
3465,2023-05-03,4123.7,P1032
3466,2024-08-21,2858.6,P1038
3467,2022-11-25,1737.58,P1080
3468,2022-06-10,739.78,P1089
3469,2022-08-01,2977.87,P1095
3470,2023-06-19,4226.1,P1076
3471,2024-07-02,3013.12,P1062
3472,2023-02-27,418.96,P1087
3473,2023-12-06,3171.44,P1087
3474,2023-01-12,3778.48,P1048
3475,2023-03-10,305.17,P1067
3476,2022-05-22,116.39,P1045
3477,2023-08-12,4987.46,P1036
3478,2024-11-17,1410.73,P1040
3479,2022-11-22,917.69,P1006
3480,2023-07-20,3442.92,P1081
3481,2023-05-29,3678.82,P1052
3482,2022-08-16,1198.05,P1084
3483,2024-01-22,389.69,P1082
3484,2024-06-23,4267.1,P1039
3485,2022-10-20,3833.75,P1049
3486,2024-05-17,2495.41,P1071
3487,2022-03-22,191.81,P1002
3488,2022-06-28,4697.01,P1067
3489,2022-07-31,2928.26,P1098
3490,2023-05-30,1650.33,P1056
3491,2022-10-07,2837.1,P1056
3492,2024-05-31,1064.75,P1035
3493,2023-10-30,3364.1,P1075
3494,2022-01-21,2415.84,P1036
3495,2024-02-14,482.2,P1092
3496,2023-10-11,984.89,P1016
3497,2022-11-14,149.34,P1008
3498,2024-12-01,3970.46,P1078
3499,2022-01-10,73.17,P1029
3500,2023-03-08,1589.78,P1038
3501,2023-11-16,189.58,P1062
3502,2023-10-27,2757.26,P1022
3503,2023-01-31,852.64,P1072
3504,2022-12-17,355.18,P1052
3505,2023-08-31,4847.48,P1067
3506,2022-12-21,3485.23,P1077
3507,2024-01-05,887.58,P1090
3508,2023-02-27,4122.39,P1056
3509,2023-10-20,4610.55,P1006
3510,2023-02-01,3564.27,P1029
3511,2022-12-24,1804.17,P1067
3512,2023-12-30,791.6,P1042
3513,2022-11-24,512.21,P1045
3514,2024-08-30,1906.57,P1095
3515,2023-01-18,878.1,P1017
3516,2024-01-18,1796.31,P1087
3517,2023-06-09,1284.19,P1043
3518,2024-11-25,1105.17,P1040
3519,2022-09-23,2913.58,P1011
3520,2023-11-02,782.58,P1094
3521,2024-03-21,2079.02,P1058
3522,2024-02-26,417.39,P1093
3523,2023-04-24,2020.02,P1078
3524,2023-02-21,4502.66,P1096
3525,2024-01-01,3126.41,P1064
3526,2024-08-06,4730.16,P1030
3527,2022-04-09,4811.78,P1007
3528,2022-07-22,1636.58,P1019
3529,2023-05-19,4132.15,P1039
3530,2023-12-14,4155.23,P1018
3531,2022-08-15,3440.93,P1072
3532,2022-01-06,435.23,P1077
3533,2024-08-17,1356.08,P1071
3534,2023-02-28,3116.27,P1033
3535,2023-09-02,2573.9,P1078
3536,2023-04-09,3080.69,P1038
3537,2023-03-25,2713.93,P1026
3538,2024-10-20,1566.21,P1040
3539,2023-03-21,2457.24,P1007
3540,2024-06-25,1388.67,P1001
3541,2024-04-24,1655.4,P1064
3542,2023-02-04,3415.77,P1068
3543,2024-01-09,939.14,P1030
3544,2022-10-10,4518.59,P1098
3545,2024-02-07,1021.46,P1069
3546,2022-11-08,2508.12,P1007
3547,2022-01-24,1343.72,P1006
3548,2024-06-26,2079.98,P1033
3549,2024-07-09,2377.76,P1098
3550,2022-11-20,2822.36,P1094
3551,2024-01-03,845.83,P1068
3552,2023-10-08,4987.6,P1052
3553,2024-01-10,581.47,P1099
3554,2024-05-25,3701.73,P1015
3555,2022-11-16,2842.36,P1045
3556,2024-07-27,181.67,P1039
3557,2023-11-24,1605.14,P1069
3558,2022-05-14,1044.52,P1022
3559,2023-05-25,3826.2,P1010
3560,2023-12-11,1503.3,P1017
3561,2024-01-02,4872.63,P1056
3562,2024-03-12,4033.68,P1041
3563,2023-06-10,4192.4,P1005
3564,2024-05-16,982.1,P1010
3565,2024-12-04,2488.37,P1005
3566,2022-05-26,1654.39,P1001
3567,2023-05-28,783.41,P1042
3568,2022-11-30,1456.54,P1027
3569,2022-01-28,3686.76,P1019
3570,2023-12-28,2650.54,P1060
3571,2022-04-24,4524.56,P1094
3572,2024-10-21,4687.33,P1031
3573,2023-01-15,461.31,P1053
3574,2023-12-28,1804.2,P1030
3575,2022-12-23,4237.56,P1086
3576,2022-07-05,3550.0,P1094
3577,2022-09-01,1485.77,P1066
3578,2022-05-13,3355.32,P1062
3579,2022-08-04,3401.26,P1056
3580,2022-11-06,448.11,P1053
3581,2022-05-17,1766.89,P1039
3582,2022-02-11,752.98,P1083
3583,2022-02-05,3533.64,P1080
3584,2023-09-03,1176.66,P1040
3585,2024-12-04,3092.01,P1099
3586,2024-11-02,3695.5,P1032
3587,2022-06-02,2923.87,P1028
3588,2024-09-10,4553.45,P1010
3589,2023-12-01,2839.68,P1013
3590,2023-03-22,564.44,P1008
3591,2023-07-06,1488.2,P1070
3592,2024-05-24,418.32,P1006
3593,2024-07-14,2813.53,P1083
3594,2022-11-30,2521.76,P1038
3595,2024-06-10,3053.24,P1098
3596,2022-08-31,3656.57,P1054
3597,2024-03-02,285.76,P1080
3598,2022-01-11,1619.79,P1035
3599,2023-02-08,3857.0,P1092
3600,2022-03-10,1891.54,P1085
3601,2023-07-04,1381.01,P1032
3602,2024-04-16,3359.47,P1024
3603,2023-10-30,1158.42,P1072
3604,2022-01-22,845.14,P1028
3605,2024-12-23,671.33,P1052
3606,2024-09-02,770.61,P1080
3607,2024-06-05,4711.78,P1047
3608,2022-08-18,4252.29,P1090
3609,2022-04-16,2722.6,P1035
3610,2023-02-01,3155.27,P1089
3611,2022-01-24,366.98,P1012
3612,2022-04-21,2135.64,P1003
3613,2022-04-20,2081.98,P1017
3614,2023-03-01,2187.38,P1029
3615,2024-03-13,2347.67,P1091
3616,2023-07-18,4067.09,P1005
3617,2024-12-08,4736.1,P1051
3618,2022-07-05,1551.85,P1063
3619,2022-04-28,2517.69,P1095
3620,2023-11-12,102.86,P1069
3621,2023-06-14,4846.16,P1033
3622,2022-11-22,466.67,P1006
3623,2022-05-09,2145.63,P1062
3624,2024-07-13,2646.36,P1090
3625,2022-11-18,2276.75,P1025
3626,2024-05-29,2781.54,P1007
3627,2022-09-09,194.67,P1089
3628,2022-11-16,1316.18,P1096
3629,2023-01-19,2615.86,P1078
3630,2022-08-06,4126.28,P1080
3631,2023-09-03,1188.1,P1093
3632,2023-11-29,1133.78,P1047
3633,2022-03-21,1297.75,P1002
3634,2023-08-19,4571.04,P1056
3635,2024-05-03,1941.17,P1048
3636,2023-08-16,1186.1,P1023
3637,2024-11-21,1589.14,P1074
3638,2022-10-12,3474.65,P1038
3639,2024-12-27,4164.7,P1032
3640,2024-10-11,4611.21,P1009
3641,2023-12-31,1095.4,P1089
3642,2023-10-19,1288.49,P1079
3643,2022-02-22,1182.3,P1050
3644,2024-08-10,4446.57,P1024
3645,2023-12-29,4272.16,P1093
3646,2022-03-13,3276.62,P1061
3647,2023-04-12,1423.13,P1067
3648,2024-12-30,1423.08,P1021
3649,2022-03-02,3761.31,P1074
3650,2024-06-02,3679.7,P1030
3651,2023-05-23,2805.79,P1065
3652,2023-07-28,4995.62,P1032
3653,2023-08-27,1186.83,P1073
3654,2022-02-03,4885.38,P1037
3655,2023-02-15,4196.21,P1068
3656,2024-05-02,4752.59,P1026
3657,2022-01-03,3959.6,P1039
3658,2024-08-31,1066.62,P1085
3659,2023-08-15,674.17,P1038
3660,2023-07-19,1847.32,P1022
3661,2022-10-31,542.31,P1061
3662,2024-09-17,3028.04,P1037
3663,2023-04-07,4286.65,P1096
3664,2024-06-09,983.93,P1012
3665,2022-01-01,4767.75,P1029
3666,2022-04-08,1975.77,P1012
3667,2023-12-21,2329.5,P1026
3668,2023-12-25,1921.73,P1044
3669,2022-05-02,2977.39,P1099
3670,2023-07-20,2169.79,P1059
3671,2023-05-30,1433.42,P1054
3672,2024-09-29,2467.87,P1003
3673,2024-04-11,2946.19,P1058
3674,2022-01-05,3687.73,P1043
3675,2022-07-15,3252.64,P1005
3676,2022-08-01,2318.42,P1008
3677,2023-03-02,2817.38,P1014
3678,2024-09-15,1630.03,P1075
3679,2023-04-19,2345.19,P1052
3680,2023-09-09,2509.96,P1035
3681,2022-02-20,325.09,P1090
3682,2024-04-21,3155.49,P1080
3683,2023-12-01,4747.23,P1084
3684,2023-06-28,4101.1,P1098
3685,2022-09-24,1627.41,P1021
3686,2024-12-30,4089.22,P1010
3687,2024-06-11,1270.98,P1049
3688,2023-09-26,580.4,P1037
3689,2022-06-07,4722.99,P1086
3690,2024-03-03,4436.9,P1043
3691,2024-10-27,4575.16,P1095
3692,2022-02-08,3648.17,P1036
3693,2023-11-25,1451.17,P1018
3694,2024-08-20,1294.26,P1003
3695,2024-01-12,647.03,P1023
3696,2022-11-17,2602.06,P1090
3697,2022-10-21,3146.28,P1004
3698,2023-11-25,3291.35,P1077
3699,2024-11-11,3412.08,P1009
3700,2023-04-26,3795.93,P1088
3701,2024-12-09,3823.81,P1060
3702,2023-12-12,3809.45,P1017
3703,2022-04-26,547.67,P1045
3704,2024-10-17,2979.2,P1027
3705,2024-06-16,2480.89,P1086
3706,2022-04-17,767.08,P1042
3707,2022-09-28,302.78,P1008
3708,2023-02-02,2139.45,P1063
3709,2022-11-16,55.25,P1011
3710,2023-10-25,2733.3,P1068
3711,2024-12-01,4953.29,P1051
3712,2023-12-01,964.02,P1054
3713,2023-07-16,2889.8,P1028
3714,2023-03-07,915.43,P1089
3715,2022-03-25,3306.43,P1039
3716,2022-11-15,2343.67,P1092
3717,2022-02-06,1793.55,P1055
3718,2022-01-17,3120.85,P1025
3719,2023-07-16,3061.92,P1069
3720,2022-09-17,2111.53,P1080
3721,2023-04-08,4954.51,P1082
3722,2024-01-10,169.86,P1065
3723,2023-04-13,4617.9,P1077
3724,2024-04-11,1071.68,P1042
3725,2022-08-10,488.68,P1021
3726,2022-10-22,911.22,P1036
3727,2024-01-26,1058.58,P1053
3728,2024-02-20,4282.05,P1040
3729,2023-06-21,4928.01,P1046
3730,2024-07-05,4560.19,P1044
3731,2023-03-19,1686.42,P1034
3732,2024-07-19,1255.69,P1030
3733,2023-05-19,3705.86,P1005
3734,2024-12-01,2222.08,P1010
3735,2023-04-19,498.19,P1017
3736,2022-10-19,2630.63,P1068
3737,2023-05-27,1580.05,P1081
3738,2022-02-04,905.47,P1083
3739,2022-05-26,4690.03,P1016
3740,2022-09-10,2194.94,P1021
3741,2024-07-12,2003.57,P1024
3742,2022-07-27,3334.15,P1017
3743,2022-07-21,305.94,P1013
3744,2022-02-26,2147.82,P1057
3745,2022-03-22,1374.57,P1043
3746,2024-07-11,4108.37,P1048
3747,2022-09-23,1880.36,P1086
3748,2024-09-18,4910.54,P1008
3749,2024-02-10,1150.48,P1054
3750,2023-03-10,543.02,P1048
3751,2022-02-24,4414.73,P1012
3752,2024-12-06,659.03,P1073
3753,2022-11-28,16.61,P1035
3754,2023-12-11,3686.54,P1064
3755,2024-03-28,4291.62,P1031
3756,2024-10-04,2225.61,P1034
3757,2022-09-28,380.42,P1070
3758,2024-02-06,3525.44,P1062
3759,2023-12-30,4571.12,P1032
3760,2023-07-04,4417.16,P1022
3761,2024-01-25,4615.08,P1051
3762,2024-03-28,3200.64,P1096
3763,2022-10-23,3081.27,P1025
3764,2024-03-11,3739.39,P1079
3765,2022-04-25,2846.5,P1086
3766,2022-08-05,3467.01,P1059
3767,2022-12-15,2507.59,P1018
3768,2023-06-15,397.01,P1029
3769,2023-03-13,4563.38,P1096
3770,2023-06-17,2370.91,P1009
3771,2023-08-12,4984.43,P1025
3772,2023-08-22,2852.43,P1059
3773,2024-01-18,1065.65,P1059
3774,2022-03-20,3726.33,P1021
3775,2023-08-07,969.6,P1027
3776,2022-07-03,316.92,P1067
3777,2023-04-09,2981.47,P1033
3778,2024-08-05,287.01,P1058
3779,2022-02-07,2813.11,P1088
3780,2024-10-04,15.95,P1009
3781,2024-02-27,4849.32,P1008
3782,2022-03-13,2713.98,P1009
3783,2024-05-26,1439.63,P1019
3784,2022-11-12,1147.78,P1035
3785,2023-03-07,1464.37,P1035
3786,2022-04-09,435.44,P1018
3787,2023-07-29,3970.14,P1062
3788,2022-01-11,3068.39,P1069
3789,2024-03-06,3965.15,P1063
3790,2022-01-16,1304.82,P1081
3791,2023-12-11,325.93,P1017
3792,2022-01-20,3710.57,P1026
3793,2023-01-31,4337.86,P1051
3794,2022-10-23,388.33,P1010
3795,2024-09-17,2883.17,P1023
3796,2023-02-27,163.93,P1019
3797,2022-03-01,1770.2,P1056
3798,2022-01-02,4199.48,P1005
3799,2024-12-04,698.85,P1047
3800,2022-10-11,2585.63,P1039
3801,2022-02-18,4490.49,P1083
3802,2022-06-18,780.4,P1072
3803,2022-08-31,3074.88,P1053
3804,2023-03-04,3004.71,P1003
3805,2023-01-15,767.37,P1036
3806,2023-12-15,1664.61,P1074
3807,2022-03-15,393.19,P1030
3808,2024-05-26,3814.08,P1090
3809,2022-05-31,177.27,P1022
3810,2024-12-26,1013.29,P1065
3811,2022-11-23,1513.44,P1004
3812,2024-11-13,4037.84,P1063
3813,2022-05-04,4026.05,P1002
3814,2023-02-28,813.88,P1075
3815,2023-11-21,3167.88,P1020
3816,2024-12-21,3619.66,P1019
3817,2024-12-04,163.8,P1061
3818,2023-08-14,357.71,P1071
3819,2023-11-08,2154.27,P1055
3820,2022-02-10,2853.65,P1068
3821,2022-07-10,3238.36,P1066
3822,2022-11-25,2398.3,P1027
3823,2023-03-22,2047.49,P1059
3824,2023-11-22,118.65,P1022
3825,2023-10-14,1960.57,P1078
3826,2023-12-10,1915.97,P1008
3827,2024-05-25,3001.51,P1047
3828,2024-05-28,1863.49,P1055
3829,2022-07-05,492.25,P1060
3830,2023-12-05,3613.14,P1010
3831,2023-08-02,278.36,P1091
3832,2022-07-23,2693.32,P1097
3833,2022-02-25,4846.61,P1060
3834,2024-03-13,2651.32,P1031
3835,2024-05-23,3627.17,P1079
3836,2022-05-15,653.38,P1100
3837,2024-05-14,4586.27,P1025
3838,2023-09-20,4532.99,P1021
3839,2022-04-30,2116.6,P1034
3840,2024-08-12,3813.2,P1073
3841,2022-11-11,2802.67,P1033
3842,2022-10-06,1899.01,P1089
3843,2024-01-15,4850.41,P1087
3844,2022-09-28,1536.16,P1067
3845,2024-06-27,1879.39,P1065
3846,2024-10-09,1445.39,P1068
3847,2022-12-23,2376.31,P1082
3848,2023-08-01,2901.34,P1008
3849,2023-12-27,366.3,P1023
3850,2023-09-21,1206.68,P1082
3851,2023-08-03,1733.06,P1062
3852,2023-10-28,1885.64,P1072
3853,2023-09-14,3276.92,P1041
3854,2022-11-24,3328.54,P1062
3855,2022-07-06,4560.57,P1031
3856,2022-08-02,1916.86,P1041
3857,2024-04-17,141.0,P1084
3858,2023-04-19,3242.22,P1051
3859,2023-02-01,3878.43,P1084
3860,2023-10-01,3336.42,P1040
3861,2024-01-17,4051.1,P1032
3862,2023-01-23,2085.08,P1100
3863,2022-06-08,3786.34,P1085
3864,2022-01-07,1193.55,P1071
3865,2024-03-25,1723.27,P1068
3866,2022-03-23,3413.71,P1017
3867,2024-08-05,1085.17,P1086
3868,2023-04-17,3757.16,P1002
3869,2024-04-04,3444.7,P1079
3870,2022-12-19,2172.65,P1057
3871,2023-11-18,3804.55,P1048
3872,2024-06-19,2270.32,P1036
3873,2024-02-02,430.76,P1004
3874,2024-12-14,2067.1,P1060
3875,2024-03-20,3723.2,P1100
3876,2024-08-02,2832.33,P1007
3877,2024-01-03,1832.61,P1066
3878,2023-08-25,3936.37,P1073
3879,2023-10-05,2250.57,P1036
3880,2023-01-25,3198.22,P1092
3881,2023-08-28,4677.0,P1071
3882,2023-02-07,3540.43,P1084
3883,2023-04-17,3547.95,P1056
3884,2024-05-10,1302.66,P1100
3885,2024-09-21,320.16,P1015
3886,2022-09-26,1989.85,P1092
3887,2022-01-03,3797.25,P1045
3888,2023-10-17,4891.38,P1014
3889,2024-05-29,2184.72,P1080
3890,2023-01-21,4603.88,P1064
3891,2022-11-05,3164.51,P1024
3892,2024-06-08,4426.95,P1075
3893,2022-01-14,4133.19,P1072
3894,2024-05-22,4758.65,P1003
3895,2023-04-18,3464.39,P1032
3896,2024-09-06,4235.01,P1051
3897,2022-02-04,1668.14,P1051
3898,2024-06-04,4425.59,P1054
3899,2024-03-23,4775.74,P1030
3900,2023-02-22,2877.34,P1007
3901,2024-12-17,2336.06,P1032
3902,2022-05-27,1710.96,P1051
3903,2022-03-23,1646.7,P1004
3904,2023-05-16,4506.45,P1021
3905,2023-05-10,1322.05,P1042
3906,2023-11-26,31.67,P1046
3907,2023-05-09,4533.42,P1033
3908,2022-12-28,2635.45,P1009
3909,2022-11-29,3284.15,P1026
3910,2022-12-18,4700.7,P1091
3911,2023-01-07,3345.36,P1062
3912,2022-11-05,937.41,P1060
3913,2023-01-06,2748.64,P1091
3914,2024-06-16,4220.31,P1078
3915,2024-12-25,420.26,P1058
3916,2023-03-17,4635.48,P1065
3917,2023-05-24,93.71,P1057
3918,2022-10-23,2956.51,P1061
3919,2023-11-11,2945.05,P1013
3920,2024-04-13,4392.58,P1093
3921,2023-06-23,4116.23,P1028
3922,2022-03-10,984.61,P1083
3923,2023-07-24,2646.91,P1063
3924,2022-05-25,3901.62,P1083
3925,2022-04-09,3375.09,P1051
3926,2023-06-28,1345.41,P1060
3927,2023-07-23,1640.17,P1069
3928,2024-02-07,2997.89,P1004
3929,2024-03-26,2311.88,P1090
3930,2024-08-03,3385.89,P1096
3931,2022-01-12,390.07,P1030
3932,2022-03-21,2264.96,P1025
3933,2023-04-27,3294.5,P1026
3934,2024-08-30,2955.02,P1049
3935,2023-03-04,2212.48,P1033
3936,2022-03-05,1599.49,P1029
3937,2022-02-26,4347.42,P1055
3938,2024-06-26,1364.17,P1049
3939,2022-12-04,178.74,P1095
3940,2022-12-28,4551.24,P1096
3941,2024-10-08,2278.92,P1050
3942,2022-04-23,2579.24,P1060
3943,2023-06-16,1550.3,P1055
3944,2023-03-24,445.67,P1064
3945,2022-11-18,621.82,P1060
3946,2023-01-26,841.91,P1096
3947,2022-11-24,3722.75,P1047
3948,2024-01-11,300.9,P1085
3949,2024-01-16,4816.38,P1036
3950,2024-10-22,4247.22,P1025
3951,2022-12-31,4488.89,P1062
3952,2022-05-19,2534.19,P1037
3953,2023-08-08,1977.98,P1049
3954,2024-12-01,3804.56,P1061
3955,2023-08-11,205.34,P1082
3956,2024-05-11,2673.51,P1072
3957,2024-02-03,4574.79,P1062
3958,2023-10-02,65.44,P1031
3959,2024-07-02,1185.57,P1011
3960,2024-07-06,3111.9,P1042
3961,2024-01-30,2891.45,P1055
3962,2024-05-16,3306.86,P1036
3963,2022-12-06,4274.69,P1002
3964,2022-10-01,3097.31,P1093
3965,2024-07-07,1984.47,P1054
3966,2022-03-31,2214.72,P1044
3967,2024-01-17,3590.18,P1055
3968,2022-09-30,4945.11,P1064
3969,2022-11-19,171.64,P1057
3970,2022-05-03,3045.66,P1094
3971,2024-01-06,2331.94,P1093
3972,2023-11-22,1055.2,P1015
3973,2024-05-28,2272.47,P1052
3974,2024-04-04,2746.64,P1030
3975,2024-07-06,3586.55,P1086
3976,2022-11-19,1110.65,P1039
3977,2022-10-20,2504.23,P1017
3978,2022-01-06,1449.25,P1021
3979,2023-10-30,4822.2,P1038
3980,2024-01-06,1124.74,P1038
3981,2023-04-05,2945.11,P1094
3982,2023-09-28,3410.12,P1008
3983,2024-01-26,1612.09,P1055
3984,2024-01-19,1072.94,P1022
3985,2023-07-12,305.4,P1025
3986,2024-01-29,4167.83,P1025
3987,2024-05-15,92.5,P1001
3988,2023-09-12,2675.04,P1001
3989,2024-08-16,1043.28,P1028
3990,2022-09-14,2627.91,P1076
3991,2024-10-02,45.25,P1004
3992,2024-11-24,2942.28,P1069
3993,2023-11-08,1812.54,P1079
3994,2023-05-06,3990.14,P1073
3995,2023-07-23,1821.35,P1097
3996,2024-05-14,493.67,P1098
3997,2023-03-05,2235.48,P1060
3998,2024-02-07,2034.78,P1037
3999,2023-09-11,2492.36,P1037
4000,2023-07-11,534.66,P1019
